{"cameraMode":{"drawMode":0,"name":"Shaded","section":"Shading Mode"},"sceneLighting":false,"audioPlay":false,"sceneViewState":{"m_AlwaysRefresh":false,"showFog":true,"showSkybox":false,"showFlares":true,"showImageEffects":true,"showParticleSystems":true,"showVisualEffectGraphs":true,"m_FxEnabled":true},"in2DMode":false,"pivot":{"x":-2.0999996662139894,"y":0.5337499976158142,"z":0.8749992847442627},"rotation":{"x":0.5278564691543579,"y":-0.32383981347084048,"z":0.22734922170639039,"w":0.7514861226081848},"size":2.3367745876312258,"orthographic":false}