{"cameraMode":{"drawMode":0,"name":"Shaded","section":"Shading Mode"},"sceneLighting":false,"audioPlay":false,"sceneViewState":{"m_AlwaysRefresh":false,"showFog":true,"showSkybox":false,"showFlares":true,"showImageEffects":true,"showParticleSystems":true,"showVisualEffectGraphs":true,"m_FxEnabled":true},"in2DMode":false,"pivot":{"x":-0.7166034579277039,"y":1.1140083074569703,"z":0.5985267162322998},"rotation":{"x":-0.12072765082120896,"y":-0.878239095211029,"z":0.33564502000808718,"w":-0.3178236782550812},"size":0.25980764627456667,"orthographic":false}