{"cameraMode":{"drawMode":0,"name":"Shaded","section":"Shading Mode"},"sceneLighting":false,"audioPlay":false,"sceneViewState":{"m_AlwaysRefresh":false,"showFog":true,"showSkybox":false,"showFlares":true,"showImageEffects":true,"showParticleSystems":true,"showVisualEffectGraphs":true,"m_FxEnabled":true},"in2DMode":false,"pivot":{"x":-0.8408557176589966,"y":0.5675041675567627,"z":-0.5717769861221314},"rotation":{"x":0.5784096121788025,"y":0.0009162794449366629,"z":-0.0007450057892128825,"w":0.8156973719596863},"size":0.2831072211265564,"orthographic":false}