{"cameraMode":{"drawMode":0,"name":"Shaded","section":"Shading Mode"},"sceneLighting":false,"audioPlay":false,"sceneViewState":{"m_AlwaysRefresh":false,"showFog":true,"showSkybox":false,"showFlares":true,"showImageEffects":true,"showParticleSystems":true,"showVisualEffectGraphs":true,"m_FxEnabled":true},"in2DMode":false,"pivot":{"x":-0.6867492198944092,"y":0.5731710195541382,"z":-0.5559044480323792},"rotation":{"x":0.5784096121788025,"y":0.0009162794449366629,"z":-0.0007450057892128825,"w":0.8156973719596863},"size":0.2831072211265564,"orthographic":false}