{"cameraMode":{"drawMode":0,"name":"Shaded","section":"Shading Mode"},"sceneLighting":true,"audioPlay":false,"sceneViewState":{"m_AlwaysRefresh":false,"showFog":true,"showSkybox":true,"showFlares":true,"showImageEffects":true,"showParticleSystems":true,"showVisualEffectGraphs":true,"m_FxEnabled":true},"in2DMode":false,"pivot":{"x":0.027259349822998048,"y":1.536529541015625,"z":3.04180908203125},"rotation":{"x":-0.4369063675403595,"y":-0.41544878482818606,"z":0.24088267982006074,"w":-0.7603163719177246},"size":2.1209049224853517,"orthographic":false}