{"cameraMode":{"drawMode":0,"name":"Shaded","section":"Shading Mode"},"sceneLighting":true,"audioPlay":false,"sceneViewState":{"m_AlwaysRefresh":false,"showFog":true,"showSkybox":true,"showFlares":true,"showImageEffects":true,"showParticleSystems":true,"showVisualEffectGraphs":true,"m_FxEnabled":true},"in2DMode":false,"pivot":{"x":3.8186869621276857,"y":1.0979576110839844,"z":0.6482867002487183},"rotation":{"x":-0.18901264667510987,"y":0.8072970509529114,"z":-0.34907469153404238,"w":-0.4361094534397125},"size":2.5405824184417726,"orthographic":false}