{"cameraMode":{"drawMode":0,"name":"Shaded","section":"Shading Mode"},"sceneLighting":true,"audioPlay":false,"sceneViewState":{"m_AlwaysRefresh":false,"showFog":true,"showSkybox":true,"showFlares":true,"showImageEffects":true,"showParticleSystems":true,"showVisualEffectGraphs":true,"m_FxEnabled":true},"in2DMode":false,"pivot":{"x":3.4924862384796144,"y":-1.106231689453125,"z":-3.1826248168945314},"rotation":{"x":0.4705492854118347,"y":-0.41553324460983279,"z":0.26698628067970278,"w":0.7308273315429688},"size":3.4732046127319338,"orthographic":false}