{"cameraMode":{"drawMode":0,"name":"Shaded","section":"Shading Mode"},"sceneLighting":true,"audioPlay":false,"sceneViewState":{"m_AlwaysRefresh":false,"showFog":true,"showSkybox":true,"showFlares":true,"showImageEffects":true,"showParticleSystems":true,"showVisualEffectGraphs":true,"m_FxEnabled":true},"in2DMode":false,"pivot":{"x":-0.2816442847251892,"y":9.522363662719727,"z":-3.1749162673950197},"rotation":{"x":-0.4386391341686249,"y":-0.04408329352736473,"z":0.02206830494105816,"w":-0.8970505595207214},"size":0.9487163424491882,"orthographic":false}