{"cameraMode":{"drawMode":0,"name":"Shaded","section":"Shading Mode"},"sceneLighting":true,"audioPlay":false,"sceneViewState":{"m_AlwaysRefresh":false,"showFog":true,"showSkybox":true,"showFlares":true,"showImageEffects":true,"showParticleSystems":true,"showVisualEffectGraphs":true,"m_FxEnabled":true},"in2DMode":false,"pivot":{"x":-0.7516090869903565,"y":-38.68031692504883,"z":-39.91102600097656},"rotation":{"x":0.017956586554646493,"y":-0.9270787835121155,"z":0.3716919720172882,"w":0.04480497166514397},"size":28.470117568969728,"orthographic":false}