{"cameraMode":{"drawMode":0,"name":"Shaded","section":"Shading Mode"},"sceneLighting":true,"audioPlay":false,"sceneViewState":{"m_AlwaysRefresh":false,"showFog":true,"showSkybox":true,"showFlares":true,"showImageEffects":true,"showParticleSystems":true,"showVisualEffectGraphs":true,"m_FxEnabled":true},"in2DMode":false,"pivot":{"x":10.410418510437012,"y":-12.620716094970704,"z":0.662745475769043},"rotation":{"x":0.1707395613193512,"y":0.8166089057922363,"z":-0.3035677373409271,"w":0.45989537239074709},"size":12.411398887634278,"orthographic":false}