{"cameraMode":{"drawMode":0,"name":"Shaded","section":"Shading Mode"},"sceneLighting":true,"audioPlay":false,"sceneViewState":{"m_AlwaysRefresh":false,"showFog":true,"showSkybox":true,"showFlares":true,"showImageEffects":true,"showParticleSystems":true,"showVisualEffectGraphs":true,"m_FxEnabled":true},"in2DMode":false,"pivot":{"x":2.8952693939208986,"y":1.3537079095840455,"z":2.561509132385254},"rotation":{"x":0.14541588723659516,"y":-0.7990609407424927,"z":0.21015357971191407,"w":0.5439832806587219},"size":1.561403512954712,"orthographic":false}