{"cameraMode":{"drawMode":0,"name":"Shaded","section":"Shading Mode"},"sceneLighting":true,"audioPlay":false,"sceneViewState":{"m_AlwaysRefresh":false,"showFog":true,"showSkybox":true,"showFlares":true,"showImageEffects":true,"showParticleSystems":true,"showVisualEffectGraphs":true,"m_FxEnabled":true},"in2DMode":false,"pivot":{"x":-2.3527917861938478,"y":-13.969738006591797,"z":10.296283721923829},"rotation":{"x":0.39405304193496706,"y":-0.1870947629213333,"z":0.08221957832574845,"w":0.8960359692573547},"size":12.945919036865235,"orthographic":false}