{"cameraMode":{"drawMode":0,"name":"Shaded","section":"Shading Mode"},"sceneLighting":false,"audioPlay":false,"sceneViewState":{"m_AlwaysRefresh":false,"showFog":true,"showSkybox":false,"showFlares":true,"showImageEffects":true,"showParticleSystems":true,"showVisualEffectGraphs":true,"m_FxEnabled":true},"in2DMode":false,"pivot":{"x":0.20208144187927247,"y":0.39038050174713137,"z":0.6222599744796753},"rotation":{"x":0.32805004715919497,"y":0.6480585932731628,"z":-0.36535894870758059,"w":0.5820376873016357},"size":0.7425138354301453,"orthographic":false}