{"cameraMode":{"drawMode":0,"name":"Shaded","section":"Shading Mode"},"sceneLighting":false,"audioPlay":false,"sceneViewState":{"m_AlwaysRefresh":false,"showFog":true,"showSkybox":false,"showFlares":true,"showImageEffects":true,"showParticleSystems":true,"showVisualEffectGraphs":true,"m_FxEnabled":true},"in2DMode":false,"pivot":{"x":0.30951064825057986,"y":0.2782372236251831,"z":0.9968858957290649},"rotation":{"x":-0.0372249111533165,"y":-0.9223774671554565,"z":0.3730300962924957,"w":-0.09225629270076752},"size":0.7425138354301453,"orthographic":false}