{"cameraMode":{"drawMode":0,"name":"Shaded","section":"Shading Mode"},"sceneLighting":false,"audioPlay":false,"sceneViewState":{"m_AlwaysRefresh":false,"showFog":true,"showSkybox":false,"showFlares":true,"showImageEffects":true,"showParticleSystems":true,"showVisualEffectGraphs":true,"m_FxEnabled":true},"in2DMode":false,"pivot":{"x":0.37630340456962588,"y":0.20043215155601502,"z":0.33407527208328249},"rotation":{"x":-0.4521951675415039,"y":-0.545885443687439,"z":0.4676039516925812,"w":-0.5279114246368408},"size":0.7425138354301453,"orthographic":false}