{"cameraMode":{"drawMode":0,"name":"Shaded","section":"Shading Mode"},"sceneLighting":false,"audioPlay":false,"sceneViewState":{"m_AlwaysRefresh":false,"showFog":true,"showSkybox":false,"showFlares":true,"showImageEffects":true,"showParticleSystems":true,"showVisualEffectGraphs":true,"m_FxEnabled":true},"in2DMode":false,"pivot":{"x":-0.5249999165534973,"y":-2.2948484001972248e-8,"z":-0.5250005722045898},"rotation":{"x":0.5278564691543579,"y":-0.32383981347084048,"z":0.22734922170639039,"w":0.7514861226081848},"size":0.7424622178077698,"orthographic":false}