{"cameraMode":{"drawMode":0,"name":"Shaded","section":"Shading Mode"},"sceneLighting":false,"audioPlay":false,"sceneViewState":{"m_AlwaysRefresh":false,"showFog":true,"showSkybox":false,"showFlares":true,"showImageEffects":true,"showParticleSystems":true,"showVisualEffectGraphs":true,"m_FxEnabled":true},"in2DMode":false,"pivot":{"x":-1.0749812126159669,"y":-17.880687713623048,"z":1.691199779510498},"rotation":{"x":-0.6081547141075134,"y":0.026687365025281907,"z":-0.019681621342897416,"w":-0.7928292155265808},"size":14.739971160888672,"orthographic":false}