{"cameraMode":{"drawMode":0,"name":"Shaded","section":"Shading Mode"},"sceneLighting":false,"audioPlay":false,"sceneViewState":{"m_AlwaysRefresh":false,"showFog":true,"showSkybox":false,"showFlares":true,"showImageEffects":true,"showParticleSystems":true,"showVisualEffectGraphs":true,"m_FxEnabled":true},"in2DMode":false,"pivot":{"x":0.5169211030006409,"y":-0.24013184010982514,"z":0.3231159448623657},"rotation":{"x":-0.4372670650482178,"y":0.5567448735237122,"z":-0.44335752725601199,"w":-0.5495498776435852},"size":0.8660253882408142,"orthographic":false}