{"cameraMode":{"drawMode":0,"name":"Shaded","section":"Shading Mode"},"sceneLighting":false,"audioPlay":false,"sceneViewState":{"m_AlwaysRefresh":false,"showFog":true,"showSkybox":false,"showFlares":true,"showImageEffects":true,"showParticleSystems":true,"showVisualEffectGraphs":true,"m_FxEnabled":true},"in2DMode":false,"pivot":{"x":0.10330778360366821,"y":0.15571796894073487,"z":0.7795019745826721},"rotation":{"x":-0.1173315942287445,"y":0.8268789649009705,"z":-0.5165221691131592,"w":-0.18827635049819947},"size":0.8660253882408142,"orthographic":false}