{"cameraMode":{"drawMode":0,"name":"Shaded","section":"Shading Mode"},"sceneLighting":false,"audioPlay":false,"sceneViewState":{"m_AlwaysRefresh":false,"showFog":true,"showSkybox":false,"showFlares":true,"showImageEffects":true,"showParticleSystems":true,"showVisualEffectGraphs":true,"m_FxEnabled":true},"in2DMode":false,"pivot":{"x":-0.16933521628379823,"y":0.818544864654541,"z":-1.5240538120269776},"rotation":{"x":-0.5192210674285889,"y":0.02480563335120678,"z":-0.014363168738782406,"w":-0.8538841009140015},"size":3.362776041030884,"orthographic":false}