{"cameraMode":{"drawMode":0,"name":"Shaded","section":"Shading Mode"},"sceneLighting":false,"audioPlay":false,"sceneViewState":{"m_AlwaysRefresh":false,"showFog":true,"showSkybox":false,"showFlares":true,"showImageEffects":true,"showParticleSystems":true,"showVisualEffectGraphs":true,"m_FxEnabled":true},"in2DMode":false,"pivot":{"x":0.3499997854232788,"y":-0.16624999046325684,"z":-0.34999996423721316},"rotation":{"x":0.5278564691543579,"y":-0.32383981347084048,"z":0.22734922170639039,"w":0.7514861226081848},"size":0.527981162071228,"orthographic":false}