{"cameraMode":{"drawMode":0,"name":"Shaded","section":"Shading Mode"},"sceneLighting":false,"audioPlay":false,"sceneViewState":{"m_AlwaysRefresh":false,"showFog":true,"showSkybox":false,"showFlares":true,"showImageEffects":true,"showParticleSystems":true,"showVisualEffectGraphs":true,"m_FxEnabled":true},"in2DMode":false,"pivot":{"x":-3.5405538082122804,"y":0.1287606656551361,"z":-0.6112839579582214},"rotation":{"x":0.004648049362003803,"y":0.762146532535553,"z":0.007257971912622452,"w":-0.6469932794570923},"size":1.821955919265747,"orthographic":false}