{"cameraMode":{"drawMode":0,"name":"Shaded","section":"Shading Mode"},"sceneLighting":false,"audioPlay":false,"sceneViewState":{"m_AlwaysRefresh":false,"showFog":true,"showSkybox":false,"showFlares":true,"showImageEffects":true,"showParticleSystems":true,"showVisualEffectGraphs":true,"m_FxEnabled":true},"in2DMode":false,"pivot":{"x":3.386446237564087,"y":-0.15856607258319856,"z":0.018826622515916826},"rotation":{"x":-0.07765483111143112,"y":-0.7029135823249817,"z":0.07960481196641922,"w":-0.702195405960083},"size":1.852206826210022,"orthographic":false}