{"cameraMode":{"drawMode":0,"name":"Shaded","section":"Shading Mode"},"sceneLighting":false,"audioPlay":false,"sceneViewState":{"m_AlwaysRefresh":false,"showFog":true,"showSkybox":false,"showFlares":true,"showImageEffects":true,"showParticleSystems":true,"showVisualEffectGraphs":true,"m_FxEnabled":true},"in2DMode":false,"pivot":{"x":-1.1559964418411255,"y":0.4435139298439026,"z":-2.8124449253082277},"rotation":{"x":0.1885942816734314,"y":-0.7015635371208191,"z":0.20101112127304078,"w":0.6567842960357666},"size":3.3415493965148927,"orthographic":false}