{"cameraMode":{"drawMode":0,"name":"Shaded","section":"Shading Mode"},"sceneLighting":false,"audioPlay":false,"sceneViewState":{"m_AlwaysRefresh":false,"showFog":true,"showSkybox":false,"showFlares":true,"showImageEffects":true,"showParticleSystems":true,"showVisualEffectGraphs":true,"m_FxEnabled":true},"in2DMode":false,"pivot":{"x":-0.15552103519439698,"y":-0.7088426351547241,"z":-0.13933207094669343},"rotation":{"x":0.30184313654899599,"y":0.6181994676589966,"z":-0.27859383821487429,"w":0.6700913906097412},"size":0.6571826338768005,"orthographic":false}