{"cameraMode":{"drawMode":0,"name":"Shaded","section":"Shading Mode"},"sceneLighting":false,"audioPlay":false,"sceneViewState":{"m_AlwaysRefresh":false,"showFog":true,"showSkybox":false,"showFlares":true,"showImageEffects":true,"showParticleSystems":true,"showVisualEffectGraphs":true,"m_FxEnabled":true},"in2DMode":false,"pivot":{"x":-1.2312508821487427,"y":0.9005084037780762,"z":-0.5605138540267944},"rotation":{"x":0.11437390744686127,"y":0.7867506742477417,"z":-0.5867782831192017,"w":0.15349698066711427},"size":0.6571826338768005,"orthographic":false}